{"cameraMode":{"drawMode":0,"name":"Shaded","section":"Shading Mode"},"sceneLighting":false,"audioPlay":false,"sceneViewState":{"showFog":false,"showMaterialUpdate":false,"showSkybox":false,"showFlares":false,"showImageEffects":false,"showParticleSystems":false},"in2DMode":false,"pivot":{"x":19.65575408935547,"y":0.5390000343322754,"z":0.9746499061584473},"rotation":{"x":-0.17322874069213868,"y":-0.32772064208984377,"z":0.06133728474378586,"w":-0.9267780184745789},"size":5.418548107147217,"orthographic":false}