{"cameraMode":{"drawMode":0,"name":"Shaded","section":"Shading Mode"},"sceneLighting":true,"audioPlay":false,"sceneViewState":{"showFog":false,"showMaterialUpdate":false,"showSkybox":true,"showFlares":false,"showImageEffects":false,"showParticleSystems":false},"in2DMode":false,"pivot":{"x":15.330430030822754,"y":-1.0143015384674073,"z":12.695760726928711},"rotation":{"x":0.13561385869979859,"y":-0.5654658675193787,"z":0.09477328509092331,"w":0.808118999004364},"size":12.69210433959961,"orthographic":false}