{"cameraMode":{"drawMode":0,"name":"Shaded","section":"Shading Mode"},"sceneLighting":false,"audioPlay":false,"sceneViewState":{"showFog":false,"showMaterialUpdate":false,"showSkybox":false,"showFlares":false,"showImageEffects":false,"showParticleSystems":false},"in2DMode":false,"pivot":{"x":19.729999542236329,"y":1.5700000524520875,"z":6.809999942779541},"rotation":{"x":-0.06468112766742706,"y":-0.050274334847927096,"z":0.0033300863578915598,"w":-0.996675431728363},"size":4.222400665283203,"orthographic":false}