{"cameraMode":{"drawMode":0,"name":"Shaded","section":"Shading Mode"},"sceneLighting":true,"audioPlay":false,"sceneViewState":{"showFog":false,"showMaterialUpdate":false,"showSkybox":true,"showFlares":false,"showImageEffects":false,"showParticleSystems":false},"in2DMode":false,"pivot":{"x":13.899083137512207,"y":0.5362284183502197,"z":7.493549346923828},"rotation":{"x":0.11116652190685272,"y":-0.7708176374435425,"z":0.13997557759284974,"w":0.6116243004798889},"size":14.1552152633667,"orthographic":false}