{"cameraMode":{"drawMode":0,"name":"Shaded","section":"Shading Mode"},"sceneLighting":false,"audioPlay":false,"sceneViewState":{"showFog":false,"showMaterialUpdate":false,"showSkybox":false,"showFlares":false,"showImageEffects":false,"showParticleSystems":false},"in2DMode":false,"pivot":{"x":18.474000930786134,"y":1.0260000228881837,"z":6.609000205993652},"rotation":{"x":-0.17438535392284394,"y":-0.07613033801317215,"z":0.013568454422056675,"w":-0.9816775321960449},"size":4.801246166229248,"orthographic":false}