{"cameraMode":{"drawMode":0,"name":"Shaded","section":"Shading Mode"},"sceneLighting":true,"audioPlay":false,"sceneViewState":{"showFog":false,"showMaterialUpdate":false,"showSkybox":true,"showFlares":false,"showImageEffects":false,"showParticleSystems":false},"in2DMode":false,"pivot":{"x":-13.824516296386719,"y":2.5050857067108156,"z":14.162034034729004},"rotation":{"x":-0.001981101930141449,"y":-0.6531137824058533,"z":-0.0018427277682349086,"w":0.7573618292808533},"size":43.38517761230469,"orthographic":false}