{"cameraMode":{"drawMode":0,"name":"Shaded","section":"Shading Mode"},"sceneLighting":true,"audioPlay":false,"sceneViewState":{"showFog":false,"showMaterialUpdate":false,"showSkybox":true,"showFlares":false,"showImageEffects":false,"showParticleSystems":false},"in2DMode":false,"pivot":{"x":25.917938232421876,"y":1.2068493366241456,"z":-0.225640207529068},"rotation":{"x":0.11165616661310196,"y":0.3159385323524475,"z":-0.03803122788667679,"w":0.9417007565498352},"size":6.775402545928955,"orthographic":false}