{"cameraMode":{"drawMode":0,"name":"Shaded","section":"Shading Mode"},"sceneLighting":true,"audioPlay":false,"sceneViewState":{"showFog":false,"showMaterialUpdate":false,"showSkybox":true,"showFlares":false,"showImageEffects":false,"showParticleSystems":false},"in2DMode":false,"pivot":{"x":27.09055519104004,"y":1.2798070907592774,"z":12.495368003845215},"rotation":{"x":0.10762814432382584,"y":-0.16363224387168885,"z":0.017316915094852449,"w":0.9807577133178711},"size":18.34498405456543,"orthographic":false}