{"cameraMode":{"drawMode":0,"name":"Shaded","section":"Shading Mode"},"sceneLighting":true,"audioPlay":false,"sceneViewState":{"showFog":false,"showMaterialUpdate":false,"showSkybox":true,"showFlares":false,"showImageEffects":false,"showParticleSystems":false},"in2DMode":false,"pivot":{"x":13.98923110961914,"y":2.86513090133667,"z":13.331872940063477},"rotation":{"x":0.1011582762002945,"y":-0.5445038676261902,"z":0.06623203307390213,"w":0.8301081657409668},"size":23.77029037475586,"orthographic":false}