{"cameraMode":{"drawMode":0,"name":"Shaded","section":"Shading Mode"},"sceneLighting":true,"audioPlay":false,"sceneViewState":{"showFog":false,"showMaterialUpdate":false,"showSkybox":true,"showFlares":false,"showImageEffects":false,"showParticleSystems":false},"in2DMode":false,"pivot":{"x":17.149999618530275,"y":0.6968532800674439,"z":3.6017420291900636},"rotation":{"x":0.05611497908830643,"y":-0.8790848255157471,"z":0.10676305741071701,"w":0.4613175392150879},"size":7.896039009094238,"orthographic":false}