{"cameraMode":{"drawMode":0,"name":"Shaded","section":"Shading Mode"},"sceneLighting":true,"audioPlay":false,"sceneViewState":{"showFog":false,"showMaterialUpdate":false,"showSkybox":true,"showFlares":false,"showImageEffects":false,"showParticleSystems":false},"in2DMode":false,"pivot":{"x":13.899083137512207,"y":0.5362284183502197,"z":7.493549346923828},"rotation":{"x":0.07257130742073059,"y":-0.7162905931472778,"z":0.0752129927277565,"w":0.6900694966316223},"size":14.1552152633667,"orthographic":false}