{"cameraMode":{"drawMode":0,"name":"Shaded","section":"Shading Mode"},"sceneLighting":false,"audioPlay":false,"sceneViewState":{"showFog":false,"showMaterialUpdate":false,"showSkybox":false,"showFlares":false,"showImageEffects":false,"showParticleSystems":false},"in2DMode":false,"pivot":{"x":16.849000930786134,"y":0.7000000476837158,"z":6.417294979095459},"rotation":{"x":-0.17438535392284394,"y":-0.07613033801317215,"z":0.013568454422056675,"w":-0.9816775321960449},"size":4.458300590515137,"orthographic":false}