{"cameraMode":{"drawMode":0,"name":"Shaded","section":"Shading Mode"},"sceneLighting":false,"audioPlay":false,"sceneViewState":{"showFog":false,"showMaterialUpdate":false,"showSkybox":false,"showFlares":false,"showImageEffects":false,"showParticleSystems":false},"in2DMode":false,"pivot":{"x":17.665035247802736,"y":1.159000039100647,"z":7.901000022888184},"rotation":{"x":-0.13324466347694398,"y":-0.04992980882525444,"z":0.006758121307939291,"w":-0.9898432493209839},"size":2.2010388374328615,"orthographic":false}