{"cameraMode":{"drawMode":0,"name":"Shaded","section":"Shading Mode"},"sceneLighting":true,"audioPlay":false,"sceneViewState":{"showFog":false,"showMaterialUpdate":false,"showSkybox":true,"showFlares":false,"showImageEffects":false,"showParticleSystems":false},"in2DMode":false,"pivot":{"x":18.649999618530275,"y":2.1600000858306886,"z":7.530000686645508},"rotation":{"x":0.08704539388418198,"y":-0.48577913641929629,"z":0.04868775233626366,"w":0.8684343695640564},"size":13.204005241394043,"orthographic":false}