{"cameraMode":{"drawMode":0,"name":"Shaded","section":"Shading Mode"},"sceneLighting":false,"audioPlay":false,"sceneViewState":{"showFog":false,"showMaterialUpdate":false,"showSkybox":false,"showFlares":false,"showImageEffects":false,"showParticleSystems":false},"in2DMode":false,"pivot":{"x":17.80174446105957,"y":1.0440000295639039,"z":4.409999847412109},"rotation":{"x":-0.17438535392284394,"y":-0.07613033801317215,"z":0.013568454422056675,"w":-0.9816775321960449},"size":4.758299827575684,"orthographic":false}