{"cameraMode":{"drawMode":0,"name":"Shaded","section":"Shading Mode"},"sceneLighting":true,"audioPlay":false,"sceneViewState":{"showFog":false,"showMaterialUpdate":false,"showSkybox":true,"showFlares":false,"showImageEffects":false,"showParticleSystems":false},"in2DMode":false,"pivot":{"x":18.649999618530275,"y":1.159000039100647,"z":7.53000020980835},"rotation":{"x":0.15226756036281587,"y":-0.7635258436203003,"z":0.19488291442394257,"w":0.5966138243675232},"size":14.682695388793946,"orthographic":false}