{"cameraMode":{"drawMode":0,"name":"Shaded","section":"Shading Mode"},"sceneLighting":true,"audioPlay":false,"sceneViewState":{"showFog":false,"showMaterialUpdate":false,"showSkybox":true,"showFlares":false,"showImageEffects":false,"showParticleSystems":false},"in2DMode":false,"pivot":{"x":32.958106994628909,"y":8.988117218017579,"z":9.753171920776368},"rotation":{"x":0.0126394834369421,"y":-0.7336927056312561,"z":0.01241970807313919,"w":0.6795772910118103},"size":12.027047157287598,"orthographic":false}