{"cameraMode":{"drawMode":0,"name":"Shaded","section":"Shading Mode"},"sceneLighting":false,"audioPlay":false,"sceneViewState":{"showFog":false,"showMaterialUpdate":false,"showSkybox":false,"showFlares":false,"showImageEffects":false,"showParticleSystems":false},"in2DMode":false,"pivot":{"x":21.761014938354493,"y":1.205252766609192,"z":3.8733997344970705},"rotation":{"x":-0.1717502623796463,"y":-0.048151809722185138,"z":0.008446183055639267,"w":-0.9839691519737244},"size":4.001038551330566,"orthographic":false}