{"cameraMode":{"drawMode":0,"name":"Shaded","section":"Shading Mode"},"sceneLighting":true,"audioPlay":false,"sceneViewState":{"showFog":false,"showMaterialUpdate":false,"showSkybox":true,"showFlares":false,"showImageEffects":false,"showParticleSystems":false},"in2DMode":false,"pivot":{"x":32.958106994628909,"y":8.988117218017579,"z":9.753171920776368},"rotation":{"x":0.1483382135629654,"y":-0.8021615147590637,"z":0.22139883041381837,"w":0.534748911857605},"size":10.723957061767579,"orthographic":false}