{"cameraMode":{"drawMode":0,"name":"Shaded","section":"Shading Mode"},"sceneLighting":false,"audioPlay":false,"sceneViewState":{"showFog":false,"showMaterialUpdate":false,"showSkybox":false,"showFlares":false,"showImageEffects":false,"showParticleSystems":false},"in2DMode":false,"pivot":{"x":26.08563804626465,"y":1.2981141805648804,"z":0.437027245759964},"rotation":{"x":0.028181735426187516,"y":0.020086171105504037,"z":0.0005947743775323033,"w":-0.9994425177574158},"size":4.901039123535156,"orthographic":false}